ag-grpc, ghcr.io/ocicl/ag-proto-cli@sha256:a718c0020a5034d88981ffccda5849375274c777155c5755ce0355a54bcb2174, ag-gRPC-20260807-4959195/ag-grpc.asd
ag-grpc-all, ghcr.io/ocicl/ag-proto-cli@sha256:a718c0020a5034d88981ffccda5849375274c777155c5755ce0355a54bcb2174, ag-gRPC-20260807-4959195/ag-grpc-all.asd
ag-http2, ghcr.io/ocicl/ag-proto-cli@sha256:a718c0020a5034d88981ffccda5849375274c777155c5755ce0355a54bcb2174, ag-gRPC-20260807-4959195/ag-http2.asd
ag-proto, ghcr.io/ocicl/ag-proto-cli@sha256:a718c0020a5034d88981ffccda5849375274c777155c5755ce0355a54bcb2174, ag-gRPC-20260807-4959195/ag-proto.asd
ag-proto-cli, ghcr.io/ocicl/ag-proto-cli@sha256:a718c0020a5034d88981ffccda5849375274c777155c5755ce0355a54bcb2174, ag-gRPC-20260807-4959195/ag-proto-cli.asd
alexandria, ghcr.io/ocicl/alexandria@sha256:407634b0781b2d8fc3e55a30432bcb5d0c042af2feb2d1d72de825940b0fb0df, alexandria-20260812-f283e25/alexandria.asd
asn1, ghcr.io/ocicl/asn1@sha256:b9913fbf4fcdacf7a01930d1b05ccfb64ad778263a29418dc0a00c6d7919cd87, asn1-20240503-b0388fa/asn1.asd
atomics, ghcr.io/ocicl/atomics@sha256:da49f4ab0778982770f155b7896bb6e2b6652c89ff1e3ef81ef31832abf150b8, atomics-20260830-1caed1a/atomics.asd
atomics-test, ghcr.io/ocicl/atomics@sha256:da49f4ab0778982770f155b7896bb6e2b6652c89ff1e3ef81ef31832abf150b8, atomics-20260830-1caed1a/atomics-test.asd
autoload, ghcr.io/ocicl/mgl-pax-bootstrap@sha256:1c15644701ad5b8e441b2724c265c995437052beb52322c447816c3cc17c564a, mgl-pax-20260313-f7f9414/autoload/autoload.asd
babel, ghcr.io/ocicl/babel@sha256:9d9fcde71acc2b5c39572de4f11756a08c1d8801caa86c581b85dabaa35928b3, babel-20250905-4eaf3f2/babel.asd
babel-streams, ghcr.io/ocicl/babel@sha256:9d9fcde71acc2b5c39572de4f11756a08c1d8801caa86c581b85dabaa35928b3, babel-20250905-4eaf3f2/babel-streams.asd
babel-tests, ghcr.io/ocicl/babel@sha256:9d9fcde71acc2b5c39572de4f11756a08c1d8801caa86c581b85dabaa35928b3, babel-20250905-4eaf3f2/babel-tests.asd
bobbin, ghcr.io/ocicl/bobbin@sha256:7368d88e9f1d8a94b9bddf5e1887e384ef738235570142dd1cfe98c90077cc13, bobbin-20240503-b454e82/bobbin.asd
bordeaux-threads, ghcr.io/ocicl/bordeaux-threads@sha256:bbb32afe3987e102149cc019f4f7366a05f7a37d1503f5f86a27745e671c320a, bordeaux-threads-0.9.4/bordeaux-threads.asd
cffi, ghcr.io/ocicl/cffi-grovel@sha256:7072c620dda3331a746259217bf03aec289e471699d1dce4fd38d94cd673c3c9, cffi-20260821-787d3cd/cffi.asd
cffi-examples, ghcr.io/ocicl/cffi-grovel@sha256:7072c620dda3331a746259217bf03aec289e471699d1dce4fd38d94cd673c3c9, cffi-20260821-787d3cd/cffi-examples.asd
cffi-grovel, ghcr.io/ocicl/cffi-grovel@sha256:7072c620dda3331a746259217bf03aec289e471699d1dce4fd38d94cd673c3c9, cffi-20260821-787d3cd/cffi-grovel.asd
cffi-libffi, ghcr.io/ocicl/cffi-grovel@sha256:7072c620dda3331a746259217bf03aec289e471699d1dce4fd38d94cd673c3c9, cffi-20260821-787d3cd/cffi-libffi.asd
cffi-tests, ghcr.io/ocicl/cffi-grovel@sha256:7072c620dda3331a746259217bf03aec289e471699d1dce4fd38d94cd673c3c9, cffi-20260821-787d3cd/cffi-tests.asd
cffi-toolchain, ghcr.io/ocicl/cffi-grovel@sha256:7072c620dda3331a746259217bf03aec289e471699d1dce4fd38d94cd673c3c9, cffi-20260821-787d3cd/cffi-toolchain.asd
cffi-uffi-compat, ghcr.io/ocicl/cffi-grovel@sha256:7072c620dda3331a746259217bf03aec289e471699d1dce4fd38d94cd673c3c9, cffi-20260821-787d3cd/cffi-uffi-compat.asd
chipz, ghcr.io/ocicl/chipz@sha256:0fcb137c11e22325a7c0917913dede9f1cab93de879024225eb7081390cb26b6, chipz-20260821-4ce0bc5/chipz.asd
chunga, ghcr.io/ocicl/chunga@sha256:a2558d54ac5d4ccdbf49d7b51fcb074762d77e263ec67245f6d2928477b6d19a, chunga-20250814-1310e96/chunga.asd
cl-base64, ghcr.io/ocicl/cl-base64@sha256:702412dbc1ed825e275fb23e22c29527eb786bf644e47c7621bf0dbb34e17c7e, cl-base64-20240503-80496b7/cl-base64.asd
cl-base64-tests, ghcr.io/ocicl/cl-base64@sha256:702412dbc1ed825e275fb23e22c29527eb786bf644e47c7621bf0dbb34e17c7e, cl-base64-20240503-80496b7/cl-base64-tests.asd
cl-cancel, ghcr.io/ocicl/cl-cancel@sha256:b6e6387eed5027d5becb5fa18b370c1c3a755daf26bca037007018a611bcd353, cl-cancel-20260206-bec34fb/cl-cancel.asd
cl-change-case, ghcr.io/ocicl/cl-change-case@sha256:5d3a3ab41af5bb4a9c15afd28aebd38a3bea538860db48bae85b5a7f334fb10e, cl-change-case-1.0/cl-change-case.asd
cl-cookie, ghcr.io/ocicl/cl-cookie@sha256:2c3efe5b8518a09dcca46c2180593e75c02a0c8b45583a7549b916a2f2fb023d, cl-cookie-20260406-355f9c1/cl-cookie.asd
cl-cookie-test, ghcr.io/ocicl/cl-cookie@sha256:2c3efe5b8518a09dcca46c2180593e75c02a0c8b45583a7549b916a2f2fb023d, cl-cookie-20260406-355f9c1/cl-cookie-test.asd
cl-dotenv, ghcr.io/ocicl/cl-dotenv@sha256:0066c93266d78191d40cb418139113fc843e681c453297d1537cf1a38bcd05d2, cl-dotenv-20240503-a093f5b/cl-dotenv.asd
cl-dotenv-test, ghcr.io/ocicl/cl-dotenv@sha256:0066c93266d78191d40cb418139113fc843e681c453297d1537cf1a38bcd05d2, cl-dotenv-20240503-a093f5b/cl-dotenv-test.asd
cl-fad, ghcr.io/ocicl/cl-fad@sha256:c0aaffc859e419e0a94cedb08f48c2484da404363fb0fe4ffd6e09a80aadafe1, cl-fad-0.7.6/cl-fad.asd
cl-json, ghcr.io/ocicl/cl-json@sha256:54c4d00901c2c5b0ea9da11eed8f0104fc5819e1ed9a29d1f3364503a720a868, cl-json-20240907-994dd38/cl-json.asd
cl-postgres_plus_local-time, ghcr.io/ocicl/local-time@sha256:73545a4ff5ab4edc96acf2affd1cbe28295d655d7bd51eaff509269a476b6bda, local-time-20260812-59d93f7/cl-postgres+local-time.asd
cl-ppcre, ghcr.io/ocicl/cl-ppcre@sha256:bf073924cf4fd5957a4fd961a95d446ed0e53fa32a5002cbd2d52182874f45e5, cl-ppcre-20250606-a2ea581/cl-ppcre.asd
cl-ppcre-unicode, ghcr.io/ocicl/cl-ppcre@sha256:bf073924cf4fd5957a4fd961a95d446ed0e53fa32a5002cbd2d52182874f45e5, cl-ppcre-20250606-a2ea581/cl-ppcre-unicode.asd
cl-qrencode, ghcr.io/ocicl/cl-qrencode@sha256:e581a36606e20879962b842eee5f14eea39ecfa253298e9597ebff44e613f93e, cl-qrencode-20240503-0de2d8a/cl-qrencode.asd
cl-qrencode-test, ghcr.io/ocicl/cl-qrencode@sha256:e581a36606e20879962b842eee5f14eea39ecfa253298e9597ebff44e613f93e, cl-qrencode-20240503-0de2d8a/cl-qrencode-test.asd
cl-reexport, ghcr.io/ocicl/cl-reexport@sha256:c795feb3e3727a19e61797187eb31bac1e855b1332335d26752200a28e9b9da8, cl-reexport-20240503-03ad7a0/cl-reexport.asd
cl-reexport-test, ghcr.io/ocicl/cl-reexport@sha256:c795feb3e3727a19e61797187eb31bac1e855b1332335d26752200a28e9b9da8, cl-reexport-20240503-03ad7a0/cl-reexport-test.asd
cl-unicode, ghcr.io/ocicl/cl-unicode@sha256:d98f12c1271fb3c1812a27d64dfbe95b0bc5bcfd545b71b8101874e61270b120, cl-unicode-20240503-07e7ff5/cl-unicode.asd
cl-utilities, ghcr.io/ocicl/cl-utilities@sha256:e5e0676a4e0627332a0fe64d56ed4f1890f0466d715a11e8d95561b4c2baa38f, cl-utilities-20240503-6b4de39/cl-utilities.asd
cl-x509, ghcr.io/ocicl/cl-x509@sha256:1d7b975c4d5b0c5a82e731d28f68d3de9870307d176549e05e9ff72044eb33f8, cl-x509-20260401-60d7969/cl-x509.asd
cl_plus_ssl, ghcr.io/ocicl/cl_plus_ssl@sha256:d50fbbba38827e835eec2415744e0fb05a2a0bf4d44940cdc23922f15036efe5, cl-plus-ssl-20251220-499b2f5/cl+ssl.asd
cl_plus_ssl.test, ghcr.io/ocicl/cl_plus_ssl@sha256:d50fbbba38827e835eec2415744e0fb05a2a0bf4d44940cdc23922f15036efe5, cl-plus-ssl-20251220-499b2f5/cl+ssl.test.asd
clingon, ghcr.io/ocicl/clingon@sha256:27d1426613e66fd28223c737bd7886dfdd4f20df742212bd0903c2fc6791871f, clingon-20260807-e7e936b/clingon.asd
clingon.demo, ghcr.io/ocicl/clingon@sha256:27d1426613e66fd28223c737bd7886dfdd4f20df742212bd0903c2fc6791871f, clingon-20260807-e7e936b/clingon.demo.asd
clingon.intro, ghcr.io/ocicl/clingon@sha256:27d1426613e66fd28223c737bd7886dfdd4f20df742212bd0903c2fc6791871f, clingon-20260807-e7e936b/clingon.intro.asd
clingon.test, ghcr.io/ocicl/clingon@sha256:27d1426613e66fd28223c737bd7886dfdd4f20df742212bd0903c2fc6791871f, clingon-20260807-e7e936b/clingon.test.asd
closer-mop, ghcr.io/ocicl/closer-mop@sha256:39ec579e68118a8be57a7882812ff31094a031f88b77f11cf4434a92261f1126, closer-mop-20260329-04db182/closer-mop.asd
com.inuoe.jzon, ghcr.io/ocicl/com.inuoe.jzon@sha256:b0cfbc3d8fb3c09526d92575b40b13a68ad93be7edeb48fd69dcea053c5611a5, jzon-20251113-f05afbb/com.inuoe.jzon.asd
com.inuoe.jzon-tests, ghcr.io/ocicl/com.inuoe.jzon@sha256:b0cfbc3d8fb3c09526d92575b40b13a68ad93be7edeb48fd69dcea053c5611a5, jzon-20251113-f05afbb/com.inuoe.jzon-tests.asd
completions, ghcr.io/ocicl/completions@sha256:b700b3aedb1ec3da5b986cdf5f961872db4b2328b7b18d889ae6992d7a17a445, cl-completions-20260812-588c758/completions.asd
dexador, ghcr.io/ocicl/dexador@sha256:2e1ffc553039088c4ef9d30dc34f6b436fcccfa911340eb50f42199cd235394a, dexador-20260406-f068b40/dexador.asd
dexador-test, ghcr.io/ocicl/dexador@sha256:2e1ffc553039088c4ef9d30dc34f6b436fcccfa911340eb50f42199cd235394a, dexador-20260406-f068b40/dexador-test.asd
dexador-usocket, ghcr.io/ocicl/dexador@sha256:2e1ffc553039088c4ef9d30dc34f6b436fcccfa911340eb50f42199cd235394a, dexador-20260406-f068b40/dexador-usocket.asd
documentation-utils, ghcr.io/ocicl/documentation-utils@sha256:b2a1b3f3bcd1a738af85ae2b0168d408c177661eab6d6bbebb254e394d983f54, documentation-utils-20230511-98630dd/documentation-utils.asd
drakma, ghcr.io/ocicl/drakma@sha256:bcdea72535c7a4e93e60053df7d9c7a82b3f19f5ca808bf7bed8822d1f89f563, drakma-2.0.10/drakma.asd
drakma-test, ghcr.io/ocicl/drakma@sha256:bcdea72535c7a4e93e60053df7d9c7a82b3f19f5ca808bf7bed8822d1f89f563, drakma-2.0.10/drakma-test.asd
dref, ghcr.io/ocicl/mgl-pax-bootstrap@sha256:1c15644701ad5b8e441b2724c265c995437052beb52322c447816c3cc17c564a, mgl-pax-20260313-f7f9414/dref/dref.asd
dref-test, ghcr.io/ocicl/mgl-pax-bootstrap@sha256:1c15644701ad5b8e441b2724c265c995437052beb52322c447816c3cc17c564a, mgl-pax-20260313-f7f9414/dref/dref-test.asd
dref-test-package-inferred, ghcr.io/ocicl/mgl-pax-bootstrap@sha256:1c15644701ad5b8e441b2724c265c995437052beb52322c447816c3cc17c564a, mgl-pax-20260313-f7f9414/dref/test/data/dref-test-package-inferred.asd
easy-routes, ghcr.io/ocicl/easy-routes@sha256:3dce450d2e8f85b3c2daccda49eb41fc22da658cfbd96fd0e02be4a1ea91adc4, easy-routes-20250924-b933078/easy-routes.asd
easy-routes_plus_djula, ghcr.io/ocicl/easy-routes@sha256:3dce450d2e8f85b3c2daccda49eb41fc22da658cfbd96fd0e02be4a1ea91adc4, easy-routes-20250924-b933078/easy-routes+djula.asd
easy-routes_plus_errors, ghcr.io/ocicl/easy-routes@sha256:3dce450d2e8f85b3c2daccda49eb41fc22da658cfbd96fd0e02be4a1ea91adc4, easy-routes-20250924-b933078/easy-routes+errors.asd
fast-http, ghcr.io/ocicl/fast-http@sha256:1eb91157b8adb9c46c7b80cd0078819d49d6ec397c7a7a072c94dbfab3271964, fast-http-20260406-03d440d/fast-http.asd
fast-http-test, ghcr.io/ocicl/fast-http@sha256:1eb91157b8adb9c46c7b80cd0078819d49d6ec397c7a7a072c94dbfab3271964, fast-http-20260406-03d440d/fast-http-test.asd
fast-io, ghcr.io/ocicl/fast-io@sha256:7ba35a0eddf00b3c25656b3c5a93e95460f6cb8f807afbc04ef4f50076d95aff, fast-io-20240503-a4c5ad6/fast-io.asd
fast-io-test, ghcr.io/ocicl/fast-io@sha256:7ba35a0eddf00b3c25656b3c5a93e95460f6cb8f807afbc04ef4f50076d95aff, fast-io-20240503-a4c5ad6/fast-io-test.asd
fiveam, ghcr.io/ocicl/fiveam@sha256:e283043dc8d31e8df2b214465cf5a06ea07bdbea10e600a40e17aaf9518226ac, fiveam-20240928-e43d6c8/fiveam.asd
flexi-streams, ghcr.io/ocicl/flexi-streams@sha256:95005b06a8a95c82780c75ead53810bcb273d07fcf5fe76b527f1856df9923f2, flexi-streams-20240503-4951d57/flexi-streams.asd
flexi-streams-test, ghcr.io/ocicl/flexi-streams@sha256:95005b06a8a95c82780c75ead53810bcb273d07fcf5fe76b527f1856df9923f2, flexi-streams-20240503-4951d57/flexi-streams-test.asd
float-features, ghcr.io/ocicl/float-features@sha256:8c6019d2c33036229a3a6c81185c3eb7588e5a8c3e9fc1f4eb40939a64c223b9, float-features-20260820-5f54e87/float-features.asd
float-features-tests, ghcr.io/ocicl/float-features@sha256:64922efd92a08670cf8292ea56dfff29c577d36d8a7f7576cea0c031805c52d2, float-features-20250813-cd5dab0/float-features-tests.asd
fset, ghcr.io/ocicl/fset@sha256:b5a9b7d84e07d51d9beab328542ce536ca6e7f19e99c4ddf0a03411421409e8e, fset-20260815-1af9d20/fset.asd
global-vars, ghcr.io/ocicl/global-vars@sha256:d197e871c9c9abc4bf31b1186f5fd28f0ca848ebe2e9dddf2d82ecee01dbdc65, global-vars-20240503-c749f32/global-vars.asd
global-vars-test, ghcr.io/ocicl/global-vars@sha256:d197e871c9c9abc4bf31b1186f5fd28f0ca848ebe2e9dddf2d82ecee01dbdc65, global-vars-20240503-c749f32/global-vars-test.asd
hunchentoot, ghcr.io/ocicl/hunchentoot@sha256:1dbccc1f9770d3d8917ef87d71720b4ec7f2d6bebf24a3072afca478b00b4427, hunchentoot-1.3.1/hunchentoot.asd
idna, ghcr.io/ocicl/idna@sha256:bcdbe9d13fdfa14870c3e23e3fce0f89700c48479c3fa3aa0e91eb533beea2cf, idna-20260908-a9ca49f/idna.asd
ieee-floats, ghcr.io/ocicl/ieee-floats@sha256:dcc1ef35f12ab6c611839a64338dc55a1c8e9b211274ffa8cbfd95d15b55c766, ieee-floats-20240503-9566ce8/ieee-floats.asd
introspect-environment, ghcr.io/ocicl/introspect-environment@sha256:4fa482690dee130996f1d0f89b470e0e84c92f22caea7649d3b83ce3e49c78ba, introspect-environment-20240503-69a50ac/introspect-environment.asd
introspect-environment-test, ghcr.io/ocicl/introspect-environment@sha256:4fa482690dee130996f1d0f89b470e0e84c92f22caea7649d3b83ce3e49c78ba, introspect-environment-20240503-69a50ac/introspect-environment-test.asd
iolib, ghcr.io/ocicl/iolib@sha256:0f523172cd40b937dc1ed3ecd8d3ac1b5cb41c772c60f7ccbc42b2fa9e315047, iolib-20260812-c939f25/iolib.asd
iolib.asdf, ghcr.io/ocicl/iolib@sha256:0f523172cd40b937dc1ed3ecd8d3ac1b5cb41c772c60f7ccbc42b2fa9e315047, iolib-20260812-c939f25/iolib.asdf.asd
iolib.base, ghcr.io/ocicl/iolib@sha256:0f523172cd40b937dc1ed3ecd8d3ac1b5cb41c772c60f7ccbc42b2fa9e315047, iolib-20260812-c939f25/iolib.base.asd
iolib.common-lisp, ghcr.io/ocicl/iolib@sha256:0f523172cd40b937dc1ed3ecd8d3ac1b5cb41c772c60f7ccbc42b2fa9e315047, iolib-20260812-c939f25/iolib.common-lisp.asd
iolib.conf, ghcr.io/ocicl/iolib@sha256:0f523172cd40b937dc1ed3ecd8d3ac1b5cb41c772c60f7ccbc42b2fa9e315047, iolib-20260812-c939f25/iolib.conf.asd
iolib.examples, ghcr.io/ocicl/iolib@sha256:0f523172cd40b937dc1ed3ecd8d3ac1b5cb41c772c60f7ccbc42b2fa9e315047, iolib-20260812-c939f25/iolib.examples.asd
iparse, ghcr.io/ocicl/iparse@sha256:6c71dc826f98672ee86df5bab7420e9a9934e755cb2c5d60ec78b21ae6d5137e, cl-iparse-20260213-74a8c35/iparse.asd
ironclad, ghcr.io/ocicl/ironclad@sha256:3117e5a26a3e94924074c3548c235a2b733609ed61a2731880ac9e31df55428b, ironclad-20240503-6da010f/ironclad.asd
ironclad-text, ghcr.io/ocicl/ironclad@sha256:3117e5a26a3e94924074c3548c235a2b733609ed61a2731880ac9e31df55428b, ironclad-20240503-6da010f/ironclad-text.asd
iterate, ghcr.io/ocicl/iterate@sha256:6950c55e3782d58cabbbb5753111a70d8cafab8348b7fd6f2143d9abeaab46fb, iterate-20250703-d27d7ff/iterate.asd
lisp-namespace, ghcr.io/ocicl/lisp-namespace@sha256:ae08006e0b267958c50160658c729c799c6e1c18d94eef83f2ce5cf6ab8bbd20, lisp-namespace-20240503-699fccb/lisp-namespace.asd
lisp-namespace.test, ghcr.io/ocicl/lisp-namespace@sha256:ae08006e0b267958c50160658c729c799c6e1c18d94eef83f2ce5cf6ab8bbd20, lisp-namespace-20240503-699fccb/lisp-namespace.test.asd
llog, ghcr.io/ocicl/llog@sha256:9826d4d553740113b76723c6df5c15210ca7c264213068303b928b22d950b359, cl-llog-20260804-4910388/llog.asd
local-time, ghcr.io/ocicl/local-time@sha256:73545a4ff5ab4edc96acf2affd1cbe28295d655d7bd51eaff509269a476b6bda, local-time-20260812-59d93f7/local-time.asd
md5, ghcr.io/ocicl/md5@sha256:7d8a8d7af07a2bcbca05ad839555730a0e021c697bf13cc02279669c7a9b038b, md5-2.0.5/md5.asd
mgl-pax, ghcr.io/ocicl/mgl-pax-bootstrap@sha256:1c15644701ad5b8e441b2724c265c995437052beb52322c447816c3cc17c564a, mgl-pax-20260313-f7f9414/mgl-pax.asd
mgl-pax-bootstrap, ghcr.io/ocicl/mgl-pax-bootstrap@sha256:1c15644701ad5b8e441b2724c265c995437052beb52322c447816c3cc17c564a, mgl-pax-20260313-f7f9414/mgl-pax-bootstrap.asd
mgl-pax-test, ghcr.io/ocicl/mgl-pax-bootstrap@sha256:1c15644701ad5b8e441b2724c265c995437052beb52322c447816c3cc17c564a, mgl-pax-20260313-f7f9414/mgl-pax-test.asd
mgl-pax.asdf, ghcr.io/ocicl/mgl-pax-bootstrap@sha256:1c15644701ad5b8e441b2724c265c995437052beb52322c447816c3cc17c564a, mgl-pax-20260313-f7f9414/mgl-pax.asdf.asd
misc-extensions, ghcr.io/ocicl/misc-extensions@sha256:54322949cfba2ca8d8a2621e0f7719c1ad4fdf0f456d4b6434af99e207f74477, misc-extensions-20260815-c35c739/misc-extensions.asd
mt19937, ghcr.io/ocicl/mt19937@sha256:49c0a25a535cd22212343c67e17635b8e05675ad9cc20aa75ce75e35e842bbe3, MT19937-20240503-78f0419/mt19937.asd
multilang-documentation-utils, ghcr.io/ocicl/documentation-utils@sha256:b2a1b3f3bcd1a738af85ae2b0168d408c177661eab6d6bbebb254e394d983f54, documentation-utils-20230511-98630dd/multilang-documentation-utils.asd
named-readtables, ghcr.io/ocicl/named-readtables@sha256:9c467a5a6d7b4e928d4ca48986e14312cf29cd5a71347be0ebb515ebb964ced2, named-readtables-20260701-9b774b5/named-readtables.asd
named-readtables-test, ghcr.io/ocicl/named-readtables@sha256:9c467a5a6d7b4e928d4ca48986e14312cf29cd5a71347be0ebb515ebb964ced2, named-readtables-20260701-9b774b5/named-readtables-test.asd
net.didierverna.asdf-flv, ghcr.io/ocicl/net.didierverna.asdf-flv@sha256:e5cd087d41cf24302a92d9bac426a925f8868b554be2414c0f012c961e3ddb8c, asdf-flv-20240503-3f1de41/net.didierverna.asdf-flv.asd
parse-declarations-1.0, ghcr.io/ocicl/parse-declarations-1.0@sha256:9305fa9624205b16fd1fc51cb1cc4282a18e50eee9ac75b66a14f6f2c5df9518, parse-declarations-20240503-549aebb/parse-declarations-1.0.asd
parse-number, ghcr.io/ocicl/parse-number@sha256:11f3f9f512871e1f96cea6b8260aa3610e34e8fd7272bbcdb210fd3c5dd8025c, parse-number-20240503-cb9e487/parse-number.asd
pem, ghcr.io/ocicl/pem@sha256:ae11c6466ee14841da74b07dda50587df33f07ba4685b0c32632fefb6a5ad0f5, pem-20250225-4aaf819/pem.asd
precise-time, ghcr.io/ocicl/precise-time@sha256:0fa8039008f0635013d25c14d50c5743c64d6a1ef64bd0e62d1785a4b9d3a873, precise-time-20260218-93ea6ae/precise-time.asd
proc-parse, ghcr.io/ocicl/proc-parse@sha256:0880f9acb35eb9efbe1f77a981e36e84e8f29a22b14f680c7686eb381fa87bd6, proc-parse-20240503-3afe2b7/proc-parse.asd
proc-parse-test, ghcr.io/ocicl/proc-parse@sha256:0880f9acb35eb9efbe1f77a981e36e84e8f29a22b14f680c7686eb381fa87bd6, proc-parse-20240503-3afe2b7/proc-parse-test.asd
pure-tls, ghcr.io/ocicl/pure-tls@sha256:79d365c9bd6520f008be80caadbfddb7a9bdc1815f3d70614c7383aa5315ba91, pure-tls-20260726-79230b1/pure-tls.asd
puri, ghcr.io/ocicl/puri@sha256:b803fb9444eaf2c7053812e19d342d4ce6a05fd1880fa3a2a2f824769a6d58d2, puri-20260406-4bbab89/puri.asd
quri, ghcr.io/ocicl/quri@sha256:e2559f91600e4895e115b42dde88fcaac3677f051335d73431888dcf7af99f95, quri-0.7.0/quri.asd
quri-test, ghcr.io/ocicl/quri@sha256:e2559f91600e4895e115b42dde88fcaac3677f051335d73431888dcf7af99f95, quri-0.7.0/quri-test.asd
rfc2388, ghcr.io/ocicl/rfc2388@sha256:4190f6eb36b3b2f53def6eff56b44e76edf4086ada2feb6d88bb671a40fc9f70, rfc2388-20240503-591bcf7/rfc2388.asd
routes, ghcr.io/ocicl/routes@sha256:e64fe3e85f8c0f19ada40f6cbda843f63ee73c705d5c243a2b8730b6308d664e, cl-routes-20240503-1b79e85/routes.asd
salza2, ghcr.io/ocicl/salza2@sha256:0f9d930524b469e1442372a6e12b26742d9e6a1144e6a455006943190d1ea71e, salza2-2.1/salza2.asd
serapeum, ghcr.io/ocicl/serapeum@sha256:9e5fbff1d7529972caaf2b8c14e22921c80ac030d877aee4e194e14c4e2cb27f, serapeum-20260716-ff930b6/serapeum.asd
smart-buffer, ghcr.io/ocicl/smart-buffer@sha256:b8d194f5881c415fd7f0099b88dfd9e2158405c2966de15c716b155a364bf0f7, smart-buffer-20240503-619759d/smart-buffer.asd
smart-buffer-test, ghcr.io/ocicl/smart-buffer@sha256:b8d194f5881c415fd7f0099b88dfd9e2158405c2966de15c716b155a364bf0f7, smart-buffer-20240503-619759d/smart-buffer-test.asd
split-sequence, ghcr.io/ocicl/split-sequence@sha256:3a37662eedd99c42995587b9d443c4631f25c4c523091bcca31a27b880585b8e, split-sequence-2.0.1/split-sequence.asd
sqlite, ghcr.io/ocicl/sqlite@sha256:a7f80757e6ee13af06e2eeaeff1e079dba439d85ea5c7f68e262bccc40dcbd5c, cl-sqlite-0.2.1/sqlite.asd
sqlite-tests, ghcr.io/ocicl/sqlite@sha256:a7f80757e6ee13af06e2eeaeff1e079dba439d85ea5c7f68e262bccc40dcbd5c, cl-sqlite-0.2.1/sqlite-tests.asd
static-vectors, ghcr.io/ocicl/static-vectors@sha256:53e11e5689c3dbea6a3017760b55f052588003d774913539930ddc4330a69970, static-vectors-20240624-3d9d89b/static-vectors.asd
str, ghcr.io/ocicl/str@sha256:685078f7554071268bca9e933392904940d6751077718a4aafaf3d0424003f26, cl-str-20250905-69ef8b4/str.asd
str.test, ghcr.io/ocicl/str@sha256:685078f7554071268bca9e933392904940d6751077718a4aafaf3d0424003f26, cl-str-20250905-69ef8b4/str.test.asd
string-case, ghcr.io/ocicl/string-case@sha256:9db2d4160b76ce1ed9f754d12f679c665593a9a436177d36380a1a8a176ec16a, string-case-20240503-718c761/string-case.asd
swap-bytes, ghcr.io/ocicl/swap-bytes@sha256:06edc17deb0f27cdf6290689711ece670a8282dfd07b732a9adc541af1ce7ed6, swap-bytes-20240503-43ab141/swap-bytes.asd
trivia, ghcr.io/ocicl/trivia@sha256:51db74757bc31ceaf3a643914a8ffa87825799097dea4912650e6ac62bed5209, trivia-20240904-4383dd8/trivia.asd
trivia.balland2006, ghcr.io/ocicl/trivia@sha256:51db74757bc31ceaf3a643914a8ffa87825799097dea4912650e6ac62bed5209, trivia-20240904-4383dd8/trivia.balland2006.asd
trivia.benchmark, ghcr.io/ocicl/trivia@sha256:51db74757bc31ceaf3a643914a8ffa87825799097dea4912650e6ac62bed5209, trivia-20240904-4383dd8/trivia.benchmark.asd
trivia.cffi, ghcr.io/ocicl/trivia@sha256:51db74757bc31ceaf3a643914a8ffa87825799097dea4912650e6ac62bed5209, trivia-20240904-4383dd8/trivia.cffi.asd
trivia.fset, ghcr.io/ocicl/trivia@sha256:51db74757bc31ceaf3a643914a8ffa87825799097dea4912650e6ac62bed5209, trivia-20240904-4383dd8/trivia.fset.asd
trivia.level0, ghcr.io/ocicl/trivia@sha256:51db74757bc31ceaf3a643914a8ffa87825799097dea4912650e6ac62bed5209, trivia-20240904-4383dd8/trivia.level0.asd
trivia.level1, ghcr.io/ocicl/trivia@sha256:51db74757bc31ceaf3a643914a8ffa87825799097dea4912650e6ac62bed5209, trivia-20240904-4383dd8/trivia.level1.asd
trivia.level2, ghcr.io/ocicl/trivia@sha256:51db74757bc31ceaf3a643914a8ffa87825799097dea4912650e6ac62bed5209, trivia-20240904-4383dd8/trivia.level2.asd
trivia.ppcre, ghcr.io/ocicl/trivia@sha256:51db74757bc31ceaf3a643914a8ffa87825799097dea4912650e6ac62bed5209, trivia-20240904-4383dd8/trivia.ppcre.asd
trivia.quasiquote, ghcr.io/ocicl/trivia@sha256:51db74757bc31ceaf3a643914a8ffa87825799097dea4912650e6ac62bed5209, trivia-20240904-4383dd8/trivia.quasiquote.asd
trivia.test, ghcr.io/ocicl/trivia@sha256:51db74757bc31ceaf3a643914a8ffa87825799097dea4912650e6ac62bed5209, trivia-20240904-4383dd8/trivia.test.asd
trivia.trivial, ghcr.io/ocicl/trivia@sha256:51db74757bc31ceaf3a643914a8ffa87825799097dea4912650e6ac62bed5209, trivia-20240904-4383dd8/trivia.trivial.asd
trivial-backtrace, ghcr.io/ocicl/trivial-backtrace@sha256:89a3138695bb767c50001402fad60dacfc1e867e4e3d3579cc6f636d3e29a51c, trivial-backtrace-20240503-7f90b4a/trivial-backtrace.asd
trivial-backtrace-test, ghcr.io/ocicl/trivial-backtrace@sha256:89a3138695bb767c50001402fad60dacfc1e867e4e3d3579cc6f636d3e29a51c, trivial-backtrace-20240503-7f90b4a/trivial-backtrace-test.asd
trivial-channels, ghcr.io/ocicl/trivial-channels@sha256:9b190fcc1853729090ff0b27d24c916dcb166bbb5bad6456340f9b05f3689b3d, trivial-channels-20240503-e237011/trivial-channels.asd
trivial-cltl2, ghcr.io/ocicl/trivial-cltl2@sha256:69470b4f6469314799074b9d944050dc4bcb67d5cbb2ba32c7a8899bb492f04e, trivial-cltl2-20230809-2ada872/trivial-cltl2.asd
trivial-features, ghcr.io/ocicl/trivial-features@sha256:ab71fa7a6cbef84578616795f3af8ebb09d3bce1e6b89da3fc80db19236cc5b4, trivial-features-20260908-828246a/trivial-features.asd
trivial-features-tests, ghcr.io/ocicl/trivial-features@sha256:ab71fa7a6cbef84578616795f3af8ebb09d3bce1e6b89da3fc80db19236cc5b4, trivial-features-20260908-828246a/trivial-features-tests.asd
trivial-file-size, ghcr.io/ocicl/trivial-file-size@sha256:dfe138877e024d36e51fa14b1bcabf11e99e5745baa42ef4f627438485030f5c, trivial-file-size-20250427-60fd1bf/trivial-file-size.asd
trivial-garbage, ghcr.io/ocicl/trivial-garbage@sha256:e76c38568f7ff0a2564ab47e27e0b2293f00f258e6510f2abec4d46920f2c4db, trivial-garbage-20260829-f0663f7/trivial-garbage.asd
trivial-gray-streams, ghcr.io/ocicl/trivial-gray-streams@sha256:9d702556e5973fd18e67642b18bd5a2f901972ef7d5b134615e2f5fd77396bb9, trivial-gray-streams-20260818-257d73e/trivial-gray-streams.asd
trivial-gray-streams-test, ghcr.io/ocicl/trivial-gray-streams@sha256:9d702556e5973fd18e67642b18bd5a2f901972ef7d5b134615e2f5fd77396bb9, trivial-gray-streams-20260818-257d73e/trivial-gray-streams-test.asd
trivial-indent, ghcr.io/ocicl/trivial-indent@sha256:a0241d3e1739a0496d4387e031065b5cdab03c8da980b870767e5b84b36313b8, trivial-indent-20260908-4d62fcb/trivial-indent.asd
trivial-macroexpand-all, ghcr.io/ocicl/trivial-macroexpand-all@sha256:b23da4c2e508efe2396ec8f721cb22b8a4c076b2f0aea014a09f69dfd716d7f8, trivial-macroexpand-all-20250518-b6e4efa/trivial-macroexpand-all.asd
trivial-mimes, ghcr.io/ocicl/trivial-mimes@sha256:a92350000c29520f98e349019917e9e6d283e5ff218361bae791fc5af9d17dcf, trivial-mimes-20260218-8b1ea12/trivial-mimes.asd
trivial-timeout, ghcr.io/ocicl/trivial-timeout@sha256:18f5f87e1fa3a35e5608cd424d22c2b24f581f810d9f9f8c6229b849c2f239ad, trivial-timeout-20240503-e70d9b4/trivial-timeout.asd
trivial-timeout-test, ghcr.io/ocicl/trivial-timeout@sha256:18f5f87e1fa3a35e5608cd424d22c2b24f581f810d9f9f8c6229b849c2f239ad, trivial-timeout-20240503-e70d9b4/trivial-timeout-test.asd
trivial-utf-8, ghcr.io/ocicl/trivial-utf-8@sha256:014e7fa0edd7f351c8b38c3247e0cdda438235bb8a086bb0f2bac08f78ef400d, trivial-utf-8-20240503-ba9b4ff/trivial-utf-8.asd
tuition, ghcr.io/ocicl/tuition@sha256:796dad0ff34014521d8b4d96e3b74167a1a566ea4ea90cf92c27c96b55ee319a, cl-tuition-20260809-6f69592/tuition.asd
type-i, ghcr.io/ocicl/type-i@sha256:de5c3e7f7b72409c5ec49885eea8c6fe2e02def2846cf97f70c1c21f21a1567c, type-i-20240503-4407a68/type-i.asd
type-i.test, ghcr.io/ocicl/type-i@sha256:de5c3e7f7b72409c5ec49885eea8c6fe2e02def2846cf97f70c1c21f21a1567c, type-i-20240503-4407a68/type-i.test.asd
uffi, ghcr.io/ocicl/cffi-grovel@sha256:7072c620dda3331a746259217bf03aec289e471699d1dce4fd38d94cd673c3c9, cffi-20260821-787d3cd/uffi-compat/uffi.asd
usocket, ghcr.io/ocicl/usocket@sha256:282856b819b22a4319ba30a15605ee934aa23292a471fd29ea4d3f2074b3f16d, usocket-0.8.8/usocket.asd
usocket-server, ghcr.io/ocicl/usocket@sha256:282856b819b22a4319ba30a15605ee934aa23292a471fd29ea4d3f2074b3f16d, usocket-0.8.8/usocket-server.asd
usocket-test, ghcr.io/ocicl/usocket@sha256:282856b819b22a4319ba30a15605ee934aa23292a471fd29ea4d3f2074b3f16d, usocket-0.8.8/usocket-test.asd
version-string, ghcr.io/ocicl/version-string@sha256:eb8f45786af7fd6f792aecada1f905870f1d79abfaee0ceb774a94824ad9b14f, cl-version-string-20251228-668f2fa/version-string.asd
winhttp, ghcr.io/ocicl/winhttp@sha256:f4955086d194e6ae1665894da2149dac0ad850d95369f85fdda4d95cd06f3641, winhttp-20240503-8611ba5/winhttp.asd
with-user-abort, ghcr.io/ocicl/with-user-abort@sha256:c19560034f9909a7afb4110b5efd939a9f1e829d9ef9887797b98679f290c480, with-user-abort-20240503-a3db02e/with-user-abort.asd
xsubseq, ghcr.io/ocicl/xsubseq@sha256:7605d14f7cc7fd2f63190ad81fe7bd65daef105d6728ee6bb59baef49da2aa51, xsubseq-20240503-5ce430b/xsubseq.asd
xsubseq-test, ghcr.io/ocicl/xsubseq@sha256:7605d14f7cc7fd2f63190ad81fe7bd65daef105d6728ee6bb59baef49da2aa51, xsubseq-20240503-5ce430b/xsubseq-test.asd
zpng, ghcr.io/ocicl/zpng@sha256:0796acd47f4c7df74e4525060f77ce906a403030481baf8a46bb38621fb000da, zpng-1.2.2/zpng.asd
